City_ID,City,Country,Date,Lat,Lng,Max Temp,Humidity,Cloudiness,Wind Speed
0,Bathsheba,BB,2022-01-26 20:36:13,13.2167,-59.5167,81.21,69,75,16.11
1,Yar-Sale,RU,2022-01-26 20:33:13,66.8333,70.8333,3.76,95,97,12.03
2,Saint-Alexandre,FR,2022-01-26 20:36:14,44.2278,4.6214,43.79,52,0,11.23
3,Castro,BR,2022-01-26 20:36:15,-24.7911,-50.0119,80.04,65,41,6.93
4,Boguchany,RU,2022-01-26 20:32:17,58.3814,97.4531,-11.4,100,98,2.3
5,Lagoa,PT,2022-01-26 20:34:35,39.05,-27.9833,58.57,79,8,12.44
6,Alice Springs,AU,2022-01-26 20:31:20,-23.7,133.8833,76.55,83,40,0.0
7,Vaini,TO,2022-01-26 20:36:15,-21.2,-175.2,82.56,83,20,3.44
8,Hermanus,ZA,2022-01-26 20:36:16,-34.4187,19.2345,66.79,82,99,13.44
9,Shuangyang,CN,2022-01-26 20:36:16,43.5242,125.6736,-5.84,96,39,3.36
10,Kendari,ID,2022-01-26 20:36:16,-3.945,122.4989,75.02,91,85,2.55
11,Cape Town,ZA,2022-01-26 20:36:17,-33.9258,18.4232,72.01,77,0,4.0
12,Yellowknife,CA,2022-01-26 20:35:01,62.456,-114.3525,6.42,84,100,3.44
13,Qaanaaq,GL,2022-01-26 20:36:17,77.484,-69.3632,-8.72,61,92,7.7
14,Hobart,AU,2022-01-26 20:36:18,-42.8794,147.3294,64.06,78,75,3.0
15,Busselton,AU,2022-01-26 20:36:18,-33.65,115.3333,56.75,89,6,11.45
16,Henties Bay,NA,2022-01-26 20:36:18,-22.116,14.2845,66.85,86,85,6.29
17,Rikitea,PF,2022-01-26 20:36:19,-23.1203,-134.9692,78.28,78,8,19.13
18,Tapes,BR,2022-01-26 20:35:48,-30.6733,-51.3958,76.75,90,98,13.2
19,Cedar City,US,2022-01-26 20:36:19,37.6775,-113.0619,37.4,45,0,4.61
20,Katsuura,JP,2022-01-26 20:36:20,35.1333,140.3,39.31,83,71,10.22
21,Ushuaia,AR,2022-01-26 20:36:20,-54.8,-68.3,53.26,66,40,26.46
22,Tiksi,RU,2022-01-26 20:36:20,71.6872,128.8694,-2.16,91,11,17.47
23,Sao Luis De Montes Belos,BR,2022-01-26 20:36:21,-16.525,-50.3722,75.67,85,85,5.1
24,Albany,US,2022-01-26 20:34:13,42.6001,-73.9662,21.45,41,19,4.0
25,Saint-Pierre,RE,2022-01-26 20:36:21,-21.3393,55.4781,73.08,68,75,8.05
26,Punta Arenas,CL,2022-01-26 20:32:30,-53.15,-70.9167,57.22,67,0,20.71
27,Jamestown,US,2022-01-26 20:32:29,42.097,-79.2353,18.72,46,100,8.01
28,Saint-Philippe,RE,2022-01-26 20:36:22,-21.3585,55.7679,72.99,68,84,9.06
29,Chuy,UY,2022-01-26 20:36:22,-33.6971,-53.4616,70.14,93,100,8.03
30,Kavieng,PG,2022-01-26 20:36:23,-2.5744,150.7967,82.81,77,82,7.65
31,Gasa,PS,2022-01-26 20:32:46,31.5,34.4667,49.17,74,100,32.53
32,Verkhnevilyuysk,RU,2022-01-26 20:36:23,63.4453,120.3167,-4.49,98,100,5.41
33,Thompson,CA,2022-01-26 20:36:23,55.7435,-97.8558,5.16,72,75,19.57
34,Saint George,US,2022-01-26 20:35:48,37.1041,-113.5841,52.27,34,0,3.0
35,Rovaniemi,FI,2022-01-26 20:36:24,66.5,25.7167,18.81,93,100,6.91
36,Ribeira Grande,PT,2022-01-26 20:36:24,38.5167,-28.7,59.4,72,40,10.36
37,Kodiak,US,2022-01-26 20:36:25,57.79,-152.4072,35.11,80,100,5.75
38,Tuktoyaktuk,CA,2022-01-26 20:36:25,69.4541,-133.0374,-0.4,71,75,16.11
39,Ancud,CL,2022-01-26 20:36:25,-41.8697,-73.8203,74.73,58,0,4.61
40,Tharad,IN,2022-01-26 20:36:26,24.3961,71.6267,55.11,34,0,7.63
41,Hofn,IS,2022-01-26 20:31:49,64.2539,-15.2082,31.24,73,100,6.06
42,Asosa,ET,2022-01-26 20:36:26,10.0667,34.5333,66.22,37,90,4.16
43,Imeni Poliny Osipenko,RU,2022-01-26 20:36:27,52.4201,136.4853,-20.74,100,100,1.32
44,Windhoek,NA,2022-01-26 20:36:59,-22.5594,17.0832,77.2,33,100,6.91
45,Sitka,US,2022-01-26 20:37:27,57.0531,-135.33,35.49,87,75,4.61
46,Muros,ES,2022-01-26 20:37:28,42.7762,-9.0603,50.5,76,0,9.6
47,Bluff,NZ,2022-01-26 20:37:28,-46.6,168.3333,53.8,63,73,14.05
48,Mabaruma,GY,2022-01-26 20:37:28,8.2,-59.7833,78.73,66,91,5.19
49,Tazovskiy,RU,2022-01-26 20:37:29,67.4667,78.7,7.66,92,100,16.17
50,Gujar Khan,PK,2022-01-26 20:37:29,33.2558,73.3026,46.63,46,0,5.41
51,Olinda,BR,2022-01-26 20:37:29,-8.0089,-34.8553,82.13,78,20,11.5
52,Puerto Colombia,CO,2022-01-26 20:37:30,10.9878,-74.9547,86.09,77,100,24.09
53,Deputatskiy,RU,2022-01-26 20:37:30,69.3,139.9,-15.2,88,100,5.19
54,Arawa,PG,2022-01-26 20:37:30,-6.2132,155.5367,78.22,89,100,1.95
55,Dudinka,RU,2022-01-26 20:37:31,69.4058,86.1778,2.62,95,100,27.25
56,Great Falls,US,2022-01-26 20:37:31,47.5002,-111.3008,41.59,49,0,1.99
57,Meulaboh,ID,2022-01-26 20:37:31,4.1363,96.1285,76.37,84,100,3.09
58,Alanganallur,IN,2022-01-26 20:37:32,10.0667,78.05,72.45,80,100,1.16
59,Barrow,US,2022-01-26 20:37:32,71.2906,-156.7887,-11.18,70,0,16.11
60,Laguna,US,2022-01-26 20:37:32,38.421,-121.4238,67.84,54,0,1.01
61,Rio Grande,BR,2022-01-26 20:37:33,-32.035,-52.0986,82.51,90,100,14.76
62,Borzya,RU,2022-01-26 20:37:33,50.3833,116.5167,-19.03,100,81,2.08
63,Lebu,CL,2022-01-26 20:37:33,-37.6167,-73.65,65.52,69,0,11.86
64,Broome,US,2022-01-26 20:37:34,42.2506,-75.833,21.16,55,75,1.99
65,Lavrentiya,RU,2022-01-26 20:37:34,65.5833,-171.0,-21.41,90,28,5.01
66,Hilo,US,2022-01-26 20:37:35,19.7297,-155.09,78.53,64,40,8.05
67,Kaspiyskiy,RU,2022-01-26 20:37:35,45.3929,47.3707,31.3,89,100,10.89
68,Hithadhoo,MV,2022-01-26 20:37:36,-0.6,73.0833,81.32,74,100,20.71
69,Motzorongo,MX,2022-01-26 20:37:36,18.6333,-96.7333,73.72,67,75,4.54
70,Provideniya,RU,2022-01-26 20:37:36,64.3833,-173.3,-6.65,64,75,6.71
71,Ahipara,NZ,2022-01-26 20:37:37,-35.1667,173.1667,69.28,70,88,14.05
72,Avarua,CK,2022-01-26 20:37:37,-21.2078,-159.775,82.45,83,75,14.97
73,Isangel,VU,2022-01-26 20:37:37,-19.55,169.2667,78.91,89,59,3.44
74,Nikolskoye,RU,2022-01-26 20:37:38,59.7035,30.7861,24.71,88,100,8.86
75,Seoul,KR,2022-01-26 20:36:33,37.5683,126.9778,26.11,66,20,8.05
76,Sobolevo,RU,2022-01-26 20:37:38,54.4299,31.8996,1.63,100,99,4.63
77,George,ZA,2022-01-26 20:37:39,-33.963,22.4617,63.95,94,100,10.36
78,Khatanga,RU,2022-01-26 20:33:33,71.9667,102.5,-3.89,85,98,10.87
79,Arraial Do Cabo,BR,2022-01-26 20:37:39,-22.9661,-42.0278,85.96,62,0,14.97
80,Bengkulu,ID,2022-01-26 20:37:39,-3.8004,102.2655,76.98,87,100,3.4
81,Lata,PT,2022-01-26 20:37:40,40.1629,-8.3327,53.82,79,33,3.94
82,Sakaraha,MG,2022-01-26 20:37:40,-22.9,44.5333,72.79,68,0,2.68
83,Krasnoselkup,RU,2022-01-26 20:37:41,65.7,82.4667,-5.21,95,100,18.03
84,Mataura,NZ,2022-01-26 20:37:41,-46.1927,168.8643,53.47,91,43,6.8
85,Mackay,AU,2022-01-26 20:37:41,-21.15,149.2,75.69,94,75,12.66
86,Manama,BH,2022-01-26 20:34:00,26.2154,50.5832,69.78,49,0,10.36
87,Bambous Virieux,MU,2022-01-26 20:37:42,-20.3428,57.7575,72.21,78,20,5.75
88,Manggar,ID,2022-01-26 20:37:42,-2.8833,108.2667,79.54,81,100,9.46
89,Lompoc,US,2022-01-26 20:32:45,34.6391,-120.4579,71.08,61,0,8.05
90,Aloleng,PH,2022-01-26 20:38:43,16.1307,119.7824,77.22,83,93,8.01
91,Mar Del Plata,AR,2022-01-26 20:35:00,-38.0023,-57.5575,66.22,70,20,24.0
92,Marquette,US,2022-01-26 20:38:43,46.5333,-87.6335,11.68,43,100,18.77
93,Saint-Doulchard,FR,2022-01-26 20:38:43,47.1037,2.352,29.64,87,6,3.31
94,Clyde River,CA,2022-01-26 20:38:44,70.4692,-68.5914,-7.37,84,100,44.87
95,Emba,KZ,2022-01-26 20:38:44,48.8264,58.1442,13.48,96,100,4.52
96,Port Lincoln,AU,2022-01-26 20:38:44,-34.7333,135.8667,67.21,93,22,8.97
97,Palora,EC,2022-01-26 20:38:45,-1.7,-77.9333,78.78,88,99,3.09
98,Coahuayana,MX,2022-01-26 20:38:45,18.7333,-103.6833,90.88,40,94,7.76
99,Iracoubo,GF,2022-01-26 20:38:45,5.4802,-53.2011,78.03,81,57,8.41
100,Dikson,RU,2022-01-26 20:38:46,73.5069,80.5464,13.64,93,100,29.17
101,Bredasdorp,ZA,2022-01-26 20:38:46,-34.5322,20.0403,66.27,77,96,10.36
102,Butaritari,KI,2022-01-26 20:38:47,3.0707,172.7902,81.28,80,65,14.12
103,Vilhena,BR,2022-01-26 20:38:47,-12.7406,-60.1458,84.42,65,75,12.66
104,Tahta,EG,2022-01-26 20:38:47,26.7693,31.5021,48.52,53,2,8.7
105,Flinders,AU,2022-01-26 20:38:48,-34.5833,150.8552,70.81,80,88,5.99
106,Te Anau,NZ,2022-01-26 20:38:48,-45.4167,167.7167,53.58,63,56,2.98
107,Songea,TZ,2022-01-26 20:38:48,-10.6833,35.65,64.99,98,100,2.01
108,Souillac,MU,2022-01-26 20:38:49,-20.5167,57.5167,72.36,78,20,5.75
109,Saskylakh,RU,2022-01-26 20:38:49,71.9167,114.0833,-4.52,89,77,5.88
110,New Norfolk,AU,2022-01-26 20:38:49,-42.7826,147.0587,65.91,72,100,2.37
111,Finspang,SE,2022-01-26 20:38:50,58.7058,15.7674,37.94,86,20,9.04
112,Puerto Ayora,EC,2022-01-26 20:38:16,-0.7393,-90.3518,82.36,78,71,10.54
113,Upernavik,GL,2022-01-26 20:38:50,72.7868,-56.1549,2.98,77,78,9.8
114,Katakwi,UG,2022-01-26 20:38:51,1.8911,33.9661,73.63,37,2,8.77
115,Alofi,NU,2022-01-26 20:38:51,-19.0595,-169.9187,82.29,83,75,6.91
116,Airai,TL,2022-01-26 20:38:52,-8.9266,125.4092,61.41,86,100,2.98
117,Kapaa,US,2022-01-26 20:38:52,22.0752,-159.319,79.12,73,75,1.01
118,Vieux-Habitants,GP,2022-01-26 20:38:52,16.0589,-61.7659,80.71,62,1,9.51
119,Bairiki,KI,2022-01-26 20:38:53,1.3292,172.9752,82.4,78,20,6.91
120,Margate,GB,2022-01-26 20:36:11,51.3813,1.3862,43.7,79,9,3.0
121,Teguldet,RU,2022-01-26 20:38:53,57.3064,88.1667,0.43,100,97,1.74
122,Beringovskiy,RU,2022-01-26 20:38:54,63.05,179.3167,-6.38,99,100,4.14
123,Gushikawa,JP,2022-01-26 20:38:54,26.3544,127.8686,66.2,77,0,3.44
124,Elmadag,TR,2022-01-26 20:38:54,39.9208,33.2308,23.13,85,26,5.57
125,Nemuro,JP,2022-01-26 20:38:55,43.3236,145.575,27.39,93,100,2.37
126,Mountain Home,US,2022-01-26 20:36:05,43.133,-115.6912,26.42,100,100,9.22
127,Pevek,RU,2022-01-26 20:38:55,69.7008,170.3133,-34.51,98,49,3.42
128,Nanortalik,GL,2022-01-26 20:38:56,60.1432,-45.2371,15.06,86,100,7.61
129,Victoria,HK,2022-01-26 20:36:40,22.2855,114.1577,66.94,91,99,3.0
130,Tiznit,MA,2022-01-26 20:38:56,29.5833,-9.5,53.71,58,3,3.47
131,Ossora,RU,2022-01-26 20:38:56,59.2353,163.0719,11.7,95,100,10.29
132,Cleveland,US,2022-01-26 20:36:27,41.4995,-81.6954,19.4,59,40,8.05
133,Rawson,AR,2022-01-26 20:38:57,-43.3002,-65.1023,64.4,55,1,13.27
134,Pochutla,MX,2022-01-26 20:38:57,15.7432,-96.4661,86.83,53,49,8.08
135,Panaba,MX,2022-01-26 20:38:57,21.2833,-88.2667,78.13,75,60,12.17
136,Mahebourg,MU,2022-01-26 20:39:58,-20.4081,57.7,72.25,78,20,5.75
137,Petropavlovsk-Kamchatskiy,RU,2022-01-26 20:39:59,53.0452,158.6483,4.78,61,0,4.47
138,Torbay,CA,2022-01-26 20:39:59,47.6666,-52.7314,38.75,97,100,11.5
139,Barranca,PE,2022-01-26 20:39:59,-10.75,-77.7667,73.98,72,37,11.34
140,Vanavara,RU,2022-01-26 20:40:00,60.34,102.2797,-18.44,100,86,0.6
141,San Patricio,US,2022-01-26 20:40:00,28.017,-97.5169,64.49,60,96,10.18
142,Kovur,IN,2022-01-26 20:40:01,14.4833,79.9833,72.57,84,70,5.26
143,Bereda,ES,2022-01-26 20:40:01,43.2686,-7.5406,47.91,99,43,3.56
144,Leh,IN,2022-01-26 20:40:01,34.1667,77.5833,-5.31,89,99,3.31
145,Atuona,PF,2022-01-26 20:40:02,-9.8,-139.0333,78.78,79,13,18.45
146,Port Hardy,CA,2022-01-26 20:37:53,50.6996,-127.4199,41.76,87,75,11.5
147,Kaitangata,NZ,2022-01-26 20:40:02,-46.2817,169.8464,56.93,61,53,10.78
148,Guaraniacu,BR,2022-01-26 20:38:54,-25.1008,-52.8781,76.06,75,100,4.63
149,Klyavlino,RU,2022-01-26 20:40:03,54.2649,52.0267,13.39,95,100,10.18
150,Cherskiy,RU,2022-01-26 20:40:03,68.75,161.3,-44.75,99,48,3.56
151,Marzuq,YE,2022-01-26 20:40:04,14.4,46.4667,59.22,71,0,2.19
152,Gazli,UZ,2022-01-26 20:40:04,40.1333,63.45,37.72,57,0,10.49
153,Srednekolymsk,RU,2022-01-26 20:40:05,67.45,153.6833,-44.09,100,49,3.33
154,Coihaique,CL,2022-01-26 20:40:05,-45.5752,-72.0662,79.41,27,0,8.05
155,Waipawa,NZ,2022-01-26 20:40:06,-41.4122,175.5153,56.03,79,100,13.78
156,Yumen,CN,2022-01-26 20:40:06,40.2833,97.2,17.87,47,37,6.31
157,Kruisfontein,ZA,2022-01-26 20:40:06,-34.0033,24.7314,67.89,94,100,5.17
158,Tarauaca,BR,2022-01-26 20:40:07,-8.1614,-70.7656,83.01,67,100,3.33
159,Obo,CF,2022-01-26 20:40:07,5.3998,26.4869,78.75,25,100,6.82
160,Puerto Escondido,MX,2022-01-26 20:40:07,15.85,-97.0667,81.43,69,20,8.05
161,Muroto,JP,2022-01-26 20:40:08,33.2833,134.15,50.04,61,78,3.4
162,Brae,GB,2022-01-26 20:40:08,60.3964,-1.353,48.11,82,92,34.96
163,Marsabit,KE,2022-01-26 20:40:08,2.3284,37.9899,68.16,41,2,8.14
164,Ilulissat,GL,2022-01-26 20:40:09,69.2167,-51.1,15.82,79,100,10.36
165,Tasiilaq,GL,2022-01-26 20:40:09,65.6145,-37.6368,12.36,71,100,4.38
166,Antananarivo,MG,2022-01-26 20:40:09,-18.9137,47.5361,62.56,94,40,6.91
167,Yulara,AU,2022-01-26 20:40:10,-25.2406,130.9889,76.84,69,85,3.44
168,Yaan,NG,2022-01-26 20:40:10,7.3833,8.5667,80.87,15,3,5.93
169,Bam,IR,2022-01-26 20:40:10,29.106,58.357,51.8,31,0,2.66
170,Hualmay,PE,2022-01-26 20:40:11,-11.0964,-77.6139,75.04,73,51,10.63
171,Iqaluit,CA,2022-01-26 20:40:11,63.7506,-68.5145,-22.27,69,40,0.0
172,La Ronge,CA,2022-01-26 20:40:12,55.1001,-105.2842,21.45,86,100,13.8
173,Kaeo,NZ,2022-01-26 20:40:12,-35.1,173.7833,69.33,91,83,8.57
174,Sabzevar,IR,2022-01-26 20:40:12,36.2126,57.6819,41.95,38,3,2.93
175,Tema,GH,2022-01-26 20:40:13,5.667,-0.0166,81.01,69,1,4.61
176,Oranjestad,AW,2022-01-26 20:40:13,12.524,-70.027,84.15,61,20,17.27
177,Katobu,ID,2022-01-26 20:40:14,-4.9408,122.5276,75.78,92,85,2.68
178,Suntar,RU,2022-01-26 20:41:14,62.1444,117.6319,-2.33,96,100,6.8
179,Hasaki,JP,2022-01-26 20:41:14,35.7333,140.8333,28.8,77,61,5.57
180,Chaah,MY,2022-01-26 20:41:15,2.249,103.048,70.86,93,64,1.16
181,Vestmannaeyjar,IS,2022-01-26 20:41:15,63.4427,-20.2734,34.61,73,91,5.93
182,Fortuna,US,2022-01-26 20:41:15,40.5982,-124.1573,47.32,100,0,11.5
183,East London,ZA,2022-01-26 20:39:46,-33.0153,27.9116,74.07,90,79,6.6
184,Wuwei,CN,2022-01-26 20:41:16,37.9281,102.6414,19.71,62,61,1.54
185,Bar Harbor,US,2022-01-26 20:37:41,44.3876,-68.2039,18.25,51,0,8.99
186,Les Cayes,HT,2022-01-26 20:41:17,18.2,-73.75,80.04,69,52,8.48
187,Port Alfred,ZA,2022-01-26 20:40:23,-33.5906,26.891,73.27,89,97,6.87
188,Yarmouth,US,2022-01-26 20:41:17,41.7057,-70.2286,28.96,58,0,21.99
189,Port Elizabeth,ZA,2022-01-26 20:41:17,-33.918,25.5701,70.11,94,100,6.91
190,Mount Isa,AU,2022-01-26 20:41:18,-20.7333,139.5,74.97,100,100,6.91
191,Ibia,BR,2022-01-26 20:41:18,-19.4783,-46.5389,72.86,86,37,3.44
192,Letterkenny,IE,2022-01-26 20:41:18,54.95,-7.7333,53.49,93,100,17.2
193,Shawville,CA,2022-01-26 20:41:19,45.6001,-76.4827,3.81,85,36,0.58
194,Asau,RO,2022-01-26 20:41:19,46.4333,26.4,31.12,86,100,6.13
195,Selma,US,2022-01-26 20:41:19,36.5708,-119.6121,67.03,40,0,3.38
196,Baiyin,CN,2022-01-26 20:41:20,36.5583,104.2081,11.28,52,100,4.21
197,Graham,US,2022-01-26 20:41:20,47.0529,-122.2943,43.41,100,100,0.0
198,Bara,NG,2022-01-26 20:41:21,10.3744,10.7288,69.85,21,19,9.91
199,Ambon,ID,2022-01-26 20:41:21,-3.6954,128.1814,75.34,94,40,10.36
200,Aklavik,CA,2022-01-26 20:41:21,68.2191,-135.0107,2.23,78,75,10.36
201,Harper,LR,2022-01-26 20:41:22,4.375,-7.7169,79.5,79,36,8.95
202,Sao Filipe,CV,2022-01-26 20:41:22,14.8961,-24.4956,76.08,66,79,14.92
203,Kahului,US,2022-01-26 20:41:20,20.8947,-156.47,80.96,63,20,18.41
204,Mantua,IT,2022-01-26 20:39:48,45.1667,10.7833,40.28,92,13,1.99
205,Sola,VU,2022-01-26 20:41:23,-13.8833,167.55,83.01,76,87,15.84
206,Mount Gambier,AU,2022-01-26 20:41:23,-37.8333,140.7667,71.51,83,7,13.8
207,Dunedin,NZ,2022-01-26 20:39:03,-45.8742,170.5036,52.81,72,48,17.0
208,Beloha,MG,2022-01-26 20:41:23,-25.1667,45.05,70.99,82,0,15.28
209,Husavik,IS,2022-01-26 20:41:24,66.0449,-17.3389,24.71,73,100,8.59
210,Cururupu,BR,2022-01-26 20:41:24,-1.8283,-44.8683,79.03,81,99,3.91
211,Zhuzhou,CN,2022-01-26 20:41:25,27.8333,113.15,41.13,95,100,9.13
212,Sucua,EC,2022-01-26 20:41:25,-2.4667,-78.1667,79.54,73,75,5.75
213,Koslan,RU,2022-01-26 20:41:25,63.4564,48.8989,4.28,99,100,3.62
214,Dingle,PH,2022-01-26 20:41:26,10.9995,122.6711,75.33,94,45,6.2
215,Jiayuguan,CN,2022-01-26 20:39:08,39.8167,98.3,17.46,45,100,3.71
216,Komsomolskiy,UZ,2022-01-26 20:41:26,40.4272,71.7189,33.22,86,0,4.61
217,Borger,NL,2022-01-26 20:41:26,52.9233,6.7931,43.81,91,100,20.18
218,Broken Hill,AU,2022-01-26 20:41:27,-31.95,141.4333,80.31,50,98,9.22
219,Antofagasta,CL,2022-01-26 20:39:55,-23.65,-70.4,70.21,63,6,8.43
220,Rosita,NI,2022-01-26 20:41:27,13.9268,-84.4032,86.29,46,67,5.46
221,Oktyabrskiy,RU,2022-01-26 20:41:28,54.4815,53.471,17.37,94,100,10.71
222,Aksarka,RU,2022-01-26 20:41:28,66.5606,67.7975,3.79,94,100,8.97
223,Kalmar,SE,2022-01-26 20:41:28,56.6616,16.3616,39.15,85,0,12.66
224,Obregon,NI,2022-01-26 20:42:29,11.9566,-85.9636,91.49,60,80,9.15
225,Naustdal,NO,2022-01-26 20:42:29,61.509,5.7168,39.06,97,100,3.44
226,Bangassou,CF,2022-01-26 20:42:29,4.7413,22.8184,74.77,29,100,2.3
227,Seymchan,RU,2022-01-26 20:42:30,62.8833,152.4333,-38.02,100,95,1.39
228,Chokwe,MZ,2022-01-26 20:42:30,-24.5333,32.9833,76.1,91,100,6.17
229,Epernay,FR,2022-01-26 20:42:30,49.05,3.95,33.91,89,48,4.23
230,Eureka,US,2022-01-26 20:42:31,40.8021,-124.1637,47.59,43,0,4.29
231,Nome,US,2022-01-26 20:42:31,64.5011,-165.4064,-18.33,76,0,0.0
232,Georgetown,MY,2022-01-26 20:42:31,5.4112,100.3354,80.53,89,40,3.0
233,Chokurdakh,RU,2022-01-26 20:42:32,70.6333,147.9167,-28.84,98,36,11.25
234,Emerald,AU,2022-01-26 20:42:32,-23.5333,148.1667,78.94,73,100,8.05
235,Santa Cruz,BO,2022-01-26 20:42:32,-17.8,-63.1667,94.46,43,40,19.57
236,Benguela,AO,2022-01-26 20:42:33,-12.5763,13.4055,77.63,80,95,2.82
237,Brawley,US,2022-01-26 20:42:33,32.9787,-115.5303,70.48,19,0,0.0
238,Vila Franca Do Campo,PT,2022-01-26 20:42:33,37.7167,-25.4333,59.41,70,98,11.74
239,Elko,US,2022-01-26 20:42:34,41.0002,-115.5012,32.02,69,8,2.77
240,Santander Jimenez,MX,2022-01-26 20:42:34,24.2167,-98.4667,71.22,50,76,6.67
241,Norman Wells,CA,2022-01-26 20:38:26,65.282,-126.8329,12.24,85,75,4.61
242,Umm Lajj,SA,2022-01-26 20:42:35,25.0213,37.2685,63.84,49,3,11.88
243,Borogontsy,RU,2022-01-26 20:42:35,62.6683,131.1683,-42.41,100,58,3.06
244,Atar,MR,2022-01-26 20:42:35,20.5169,-13.0499,70.34,30,11,7.38
245,San Jeronimo,PE,2022-01-26 20:42:36,-11.9472,-75.2829,52.05,78,100,0.96
246,Esperance,AU,2022-01-26 20:42:36,-33.8667,121.9,62.44,87,74,7.27
247,Hay River,CA,2022-01-26 20:39:31,60.8156,-115.7999,17.58,79,75,9.22
248,Ostrovnoy,RU,2022-01-26 20:42:36,68.0531,39.5131,8.44,92,5,14.97
249,Vostok,RU,2022-01-26 20:42:37,46.4856,135.8833,-2.13,99,100,3.56
250,Kiruna,SE,2022-01-26 20:42:37,67.8557,20.2251,13.12,92,100,0.0
251,Luanda,AO,2022-01-26 20:40:48,-8.8368,13.2343,77.0,78,20,5.75
252,Cockburn Town,TC,2022-01-26 20:41:57,21.4612,-71.1419,80.56,61,20,4.61
253,Izhma,RU,2022-01-26 20:42:38,65.0083,53.9113,6.78,98,89,5.17
254,Troitskoye,RU,2022-01-26 20:42:38,52.9821,84.6757,12.99,94,100,7.74
255,Talcahuano,CL,2022-01-26 20:42:38,-36.7167,-73.1167,67.68,68,0,9.22
256,Saldanha,ZA,2022-01-26 20:42:39,-33.0117,17.9442,62.65,93,6,15.97
257,Karasuk,RU,2022-01-26 20:42:39,53.7377,78.0403,-14.26,100,100,4.12
258,Altamira,BR,2022-01-26 20:42:39,-3.2033,-52.2064,87.89,66,75,2.3
259,Faanui,PF,2022-01-26 20:42:40,-16.4833,-151.75,80.73,77,82,17.02
260,Bardiyah,LY,2022-01-26 20:42:40,31.7561,25.0865,49.32,55,5,14.61
261,Magan,ES,2022-01-26 20:42:40,39.9683,-3.931,51.46,63,10,9.93
262,La Tuque,CA,2022-01-26 20:38:56,47.4334,-72.7824,-3.75,45,88,1.14
263,Ennis,IE,2022-01-26 20:42:41,52.8436,-8.9864,51.06,93,75,13.8
264,Bonthe,SL,2022-01-26 20:42:41,7.5264,-12.505,79.5,76,90,10.36
265,Ulladulla,AU,2022-01-26 20:42:42,-35.35,150.4667,67.1,70,40,4.59
266,Banda Aceh,ID,2022-01-26 20:42:42,5.5577,95.3222,78.22,80,65,3.44
267,Noormarkku,FI,2022-01-26 20:42:42,61.5927,21.8685,31.78,100,100,4.61
268,Sao Joao Da Barra,BR,2022-01-26 20:42:43,-21.6403,-41.0511,84.29,86,24,22.55
269,Makakilo City,US,2022-01-26 20:41:22,21.3469,-158.0858,77.68,63,0,11.5
270,Senneterre,CA,2022-01-26 20:42:43,48.3835,-77.2328,-0.18,84,71,9.13
271,Gondanglegi,ID,2022-01-26 20:42:43,-7.7479,112.0132,74.52,95,100,0.31
272,Carnarvon,AU,2022-01-26 20:42:44,-24.8667,113.6333,73.47,83,100,20.71
273,Inongo,CD,2022-01-26 20:43:44,-1.95,18.2667,75.24,80,100,5.41
274,Pulandian,CN,2022-01-26 20:43:44,39.3953,121.9669,21.33,55,89,6.31
275,Lisakovsk,KZ,2022-01-26 20:41:13,52.5369,62.4936,8.35,87,100,10.6
276,Bilibino,RU,2022-01-26 20:43:45,68.0546,166.4372,-34.91,96,27,3.91
277,Bethel,US,2022-01-26 20:43:45,41.3712,-73.414,27.0,42,0,6.91
278,Xique-Xique,BR,2022-01-26 20:43:45,-10.8218,-42.7263,82.26,63,100,3.67
279,Kushmurun,KZ,2022-01-26 20:43:46,52.4503,64.6311,2.5,95,100,10.8
280,Vila Velha,BR,2022-01-26 20:43:46,-20.3297,-40.2925,80.55,80,0,5.01
281,Erenhot,CN,2022-01-26 20:43:47,43.6475,111.9767,-0.13,90,5,4.97
282,Smoky Lake,CA,2022-01-26 20:43:47,54.1169,-112.4686,34.56,80,98,16.11
283,Korla,CN,2022-01-26 20:43:47,41.7597,86.1469,22.75,66,0,2.68
284,Sechura,PE,2022-01-26 20:43:48,-5.5569,-80.8222,79.5,61,100,10.51
285,Jiangyou,CN,2022-01-26 20:43:48,31.7667,104.7167,42.98,89,100,0.98
286,Ponta Do Sol,PT,2022-01-26 20:43:48,32.6667,-17.1,60.71,66,88,8.81
287,Jalu,LY,2022-01-26 20:43:49,29.0331,21.5482,48.79,56,5,9.71
288,Amudat,UG,2022-01-26 20:43:49,1.95,34.95,70.81,46,0,5.26
289,Mizan Teferi,ET,2022-01-26 20:43:50,6.9833,35.5833,67.66,44,58,1.48
290,Oistins,BB,2022-01-26 20:43:50,13.0667,-59.5333,80.69,69,75,16.11
291,Hambantota,LK,2022-01-26 20:43:50,6.1241,81.1185,72.39,82,72,8.1
292,Matamoros,MX,2022-01-26 20:43:51,25.5333,-103.25,73.11,25,77,2.75
293,Oranjemund,NA,2022-01-26 20:43:51,-28.55,16.4333,64.31,93,51,13.58
294,Talnakh,RU,2022-01-26 20:43:51,69.4865,88.3972,2.21,96,100,16.98
295,Ales,FR,2022-01-26 20:43:52,44.1333,4.0833,43.5,63,0,4.41
296,Gobabis,NA,2022-01-26 20:43:52,-22.45,18.9667,75.96,41,89,3.11
297,Opuwo,NA,2022-01-26 20:43:53,-18.0607,13.84,75.6,57,76,6.85
298,Teguise,ES,2022-01-26 20:40:28,29.0605,-13.564,59.22,72,20,6.91
299,Walvis Bay,NA,2022-01-26 20:43:53,-22.9575,14.5053,67.08,88,100,9.22
300,Grand Gaube,MU,2022-01-26 20:43:53,-20.0064,57.6608,72.37,69,2,3.0
301,Andra,RU,2022-01-26 20:43:54,62.5147,65.8878,-3.05,99,100,5.23
302,Kosh-Agach,RU,2022-01-26 20:43:54,50.0,88.6667,-13.04,76,100,2.95
303,Adrar,MR,2022-01-26 20:39:36,20.5022,-10.0711,68.7,16,47,6.2
304,Plettenberg Bay,ZA,2022-01-26 20:43:55,-34.0527,23.3716,66.22,95,100,10.65
305,Umm Kaddadah,SD,2022-01-26 20:43:55,13.6017,26.6876,61.65,21,38,19.37
306,Vastse-Kuuste,EE,2022-01-26 20:43:55,58.1669,26.9343,26.44,91,100,10.31
307,Acapulco,MX,2022-01-26 20:43:56,16.8634,-99.8901,84.02,65,0,8.05
308,Kamina,CD,2022-01-26 20:43:56,-8.7386,24.9906,64.4,95,100,4.65
309,Touros,BR,2022-01-26 20:43:56,-5.1989,-35.4608,83.3,73,29,12.77
310,Los Andes,CL,2022-01-26 20:43:20,-32.8337,-70.5983,85.01,23,0,10.94
311,Vila Nova De Milfontes,PT,2022-01-26 20:43:57,37.7238,-8.7828,56.25,63,98,9.98
312,Narsaq,GL,2022-01-26 20:43:57,60.9167,-46.05,16.02,86,72,9.17
313,Hamilton,US,2022-01-26 20:41:02,39.1834,-84.5333,26.37,46,0,1.01
314,Tuatapere,NZ,2022-01-26 20:43:58,-46.1333,167.6833,54.82,76,80,9.06
315,Sembe,CG,2022-01-26 20:43:58,1.6481,14.5806,76.96,30,80,0.94
316,Deori Khas,IN,2022-01-26 20:43:58,23.4,79.0167,49.05,58,0,4.72
317,Coquimbo,CL,2022-01-26 20:40:21,-29.9533,-71.3436,67.73,63,0,13.8
318,Nouadhibou,MR,2022-01-26 20:42:53,20.931,-17.0347,64.38,72,0,17.27
319,Abha,SA,2022-01-26 20:44:01,18.2164,42.5053,55.22,88,0,11.5
320,Kaifeng,CN,2022-01-26 20:44:59,34.7911,114.3483,34.66,62,100,7.54
321,Luderitz,NA,2022-01-26 20:44:59,-26.6481,15.1594,72.66,61,6,21.97
322,Solnechnyy,RU,2022-01-26 20:45:00,50.7214,136.6319,-7.26,98,87,2.28
323,Yakima,US,2022-01-26 20:45:00,46.4665,-120.6678,32.18,82,100,0.0
324,Vallenar,CL,2022-01-26 20:45:00,-28.5708,-70.7581,83.48,35,0,9.13
325,Aykhal,RU,2022-01-26 20:45:01,66.0,111.5,-10.71,89,76,6.04
326,Saint-Augustin,CA,2022-01-26 20:45:01,51.226,-58.6502,4.1,82,28,12.82
327,Atambua,ID,2022-01-26 20:45:02,-9.1061,124.8925,75.7,86,95,8.9
328,Uribia,CO,2022-01-26 20:45:02,11.7139,-72.266,88.52,39,100,18.1
329,Moskovskiy,RU,2022-01-26 20:45:03,55.5991,37.355,22.1,93,75,7.0
330,Bria,CF,2022-01-26 20:45:03,6.5423,21.9863,77.32,21,100,4.9
331,Mudgee,AU,2022-01-26 20:45:03,-32.5943,149.5871,63.79,77,100,9.22
332,Mozarlandia,BR,2022-01-26 20:45:04,-14.7447,-50.5706,79.16,83,81,4.32
333,San Pedro,PH,2022-01-26 20:43:21,14.35,121.0167,77.32,92,40,4.61
334,Klaksvik,FO,2022-01-26 20:45:04,62.2266,-6.589,36.52,92,100,28.59
335,Codrington,AU,2022-01-26 20:45:04,-38.2667,141.9667,69.82,88,14,1.3
336,Yozgat,TR,2022-01-26 20:45:05,39.5833,35.3333,5.95,99,100,3.33
337,Pacific Grove,US,2022-01-26 20:45:05,36.6177,-121.9166,69.62,73,0,1.01
338,Ngaoundere,CM,2022-01-26 20:45:05,7.3167,13.5833,64.33,25,100,5.37
339,Pisco,PE,2022-01-26 20:45:06,-13.7,-76.2167,80.65,54,70,20.71
340,Fairbanks,US,2022-01-26 20:45:06,64.8378,-147.7164,-0.44,79,75,0.0
341,West Plains,US,2022-01-26 20:45:06,36.7281,-91.8524,35.62,27,0,1.99
342,Slave Lake,CA,2022-01-26 20:41:33,55.2834,-114.769,33.78,93,100,21.85
343,Nushki,PK,2022-01-26 20:45:07,29.5542,66.0215,42.53,39,0,1.3
344,San Pedro De Macoris,DO,2022-01-26 20:45:07,18.4616,-69.2972,88.41,54,0,10.42
345,Rognan,NO,2022-01-26 20:45:08,67.0953,15.3878,32.14,86,100,6.29
346,Lorengau,PG,2022-01-26 20:45:08,-2.0226,147.2712,82.4,76,100,6.78
347,Bagdarin,RU,2022-01-26 20:45:08,54.4333,113.6,-17.3,97,28,3.42
348,Cidreira,BR,2022-01-26 20:45:09,-30.1811,-50.2056,79.84,82,58,1.52
349,Kieta,PG,2022-01-26 20:45:09,-6.2167,155.6333,79.41,84,100,2.64
350,Kuopio,FI,2022-01-26 20:45:10,62.8924,27.677,26.55,93,100,16.11
351,College,US,2022-01-26 20:45:10,64.8569,-147.8028,-0.45,80,75,3.44
352,Sidi Ali,DZ,2022-01-26 20:45:10,36.0998,0.4206,52.59,53,90,5.46
353,Severo-Kurilsk,RU,2022-01-26 20:45:11,50.6789,156.125,25.75,70,92,21.34
354,Anadyr,RU,2022-01-26 20:45:11,64.75,177.4833,-21.41,96,100,2.77
355,Itaituba,BR,2022-01-26 20:45:12,-4.2761,-55.9836,84.36,70,75,0.0
356,Maicao,CO,2022-01-26 20:45:12,11.3832,-72.2432,85.37,48,100,14.65
357,Ouadda,CF,2022-01-26 20:45:12,8.0777,22.4007,72.77,24,100,6.93
358,Altagracia De Orituco,VE,2022-01-26 20:45:13,9.8601,-66.3814,83.89,35,37,10.16
359,Nhulunbuy,AU,2022-01-26 20:45:13,-12.2333,136.7667,81.21,89,100,3.44
360,Samarai,PG,2022-01-26 20:45:13,-10.6167,150.6667,82.2,79,100,6.42
361,Antalya,TR,2022-01-26 20:45:14,36.7741,30.7178,39.79,38,0,17.27
362,Trat,TH,2022-01-26 20:45:14,12.5,102.5,82.98,92,51,1.88
363,Brokopondo,SR,2022-01-26 20:45:14,4.75,-55.1667,77.79,83,94,9.04
364,Gillette,US,2022-01-26 20:44:14,44.2911,-105.5022,38.25,54,0,17.0
365,Beira,MZ,2022-01-26 20:46:15,-19.8436,34.8389,82.49,83,40,17.0
366,Hami,CN,2022-01-26 20:46:15,42.8,93.45,22.5,44,6,1.77
367,Rorvik,NO,2022-01-26 20:44:31,64.8621,11.2373,39.31,87,40,11.5
368,Funtua,NG,2022-01-26 20:46:16,11.5233,7.3081,62.65,21,0,10.92
369,Bodmin,GB,2022-01-26 20:46:16,50.4715,-4.7243,47.86,95,52,5.86
370,Dembi Dolo,ET,2022-01-26 20:46:16,8.5333,34.8,66.38,37,91,2.8
371,Dunmore East,IE,2022-01-26 20:46:17,52.1514,-6.9861,50.77,77,75,12.66
372,Pelagiada,RU,2022-01-26 20:46:17,45.2064,42.0236,27.95,86,75,6.71
373,Drinovci,BA,2022-01-26 20:46:18,43.355,17.3539,29.03,78,3,6.06
374,Puerto Quijarro,BO,2022-01-26 20:46:18,-17.7833,-57.7667,95.56,38,100,6.06
375,Djambala,CG,2022-01-26 20:46:19,-2.5447,14.7533,68.43,89,78,3.4
376,Alta Floresta,BR,2022-01-26 20:46:19,-9.8756,-56.0861,85.82,66,20,3.44
377,Mehamn,NO,2022-01-26 20:46:20,71.0357,27.8492,28.58,80,40,23.02
378,Mishan,CN,2022-01-26 20:46:20,45.55,131.8833,-0.06,94,17,6.76
379,Kerema,PG,2022-01-26 20:46:20,-7.9631,145.7785,79.29,77,100,2.01
380,Shwebo,MM,2022-01-26 20:46:21,22.5667,95.7,58.71,93,32,3.0
381,Timelkam,AT,2022-01-26 20:46:21,48.0039,13.6076,34.25,86,97,8.55
382,Majengo,TZ,2022-01-26 20:46:22,-5.15,38.9833,73.72,89,69,4.88
383,Port Macquarie,AU,2022-01-26 20:46:22,-31.4333,152.9167,70.9,66,84,1.59
384,Cap-Aux-Meules,CA,2022-01-26 20:46:22,47.3821,-61.8597,21.22,86,100,16.11
385,Greenville,US,2022-01-26 20:45:48,35.6127,-77.3663,42.94,48,0,11.5
386,Port Blair,IN,2022-01-26 20:46:23,11.6667,92.75,78.84,78,20,2.3
387,Ankazobe,MG,2022-01-26 20:46:24,-18.3167,47.1167,63.01,93,79,3.8
388,Noumea,NC,2022-01-26 20:46:24,-22.2763,166.4572,80.01,99,87,8.84
389,Filadelfia,US,2022-01-26 20:43:32,39.9523,-75.1638,31.14,36,20,4.0
390,Gat,IL,2022-01-26 20:46:24,31.61,34.7642,47.08,100,100,26.62
391,Igrim,RU,2022-01-26 20:46:25,63.1906,64.4162,6.28,95,99,5.91
392,Kirakira,SB,2022-01-26 20:46:25,-10.4544,161.9205,78.44,90,100,7.87
393,Muisne,EC,2022-01-26 20:46:25,0.6,-80.0333,86.11,74,37,8.84
394,Tottori,JP,2022-01-26 20:46:26,35.5,134.2333,43.11,71,100,3.02
395,Cabo San Lucas,MX,2022-01-26 20:41:35,22.8909,-109.9124,78.1,49,3,5.35
396,Marienburg,PL,2022-01-26 20:46:26,54.0359,19.0266,40.12,94,100,16.62
397,Balakhninskiy,RU,2022-01-26 20:46:27,58.0106,114.2769,-25.58,100,94,2.84
398,Ewa Beach,US,2022-01-26 20:46:27,21.3156,-158.0072,78.75,62,0,11.5
399,Vanimo,PG,2022-01-26 20:46:28,-2.6741,141.3028,77.5,90,100,1.23
400,Beaupre,CA,2022-01-26 20:46:28,47.0443,-70.8953,3.61,51,63,4.61
401,Yelandur,IN,2022-01-26 20:46:28,12.0667,77.0333,70.12,77,97,3.83
402,Hervey Bay,AU,2022-01-26 20:46:08,-25.2986,152.8535,76.01,80,100,11.01
403,Springdale,US,2022-01-26 20:46:29,36.1867,-94.1288,41.68,35,100,0.0
404,Merced,US,2022-01-26 20:45:11,37.1666,-120.7516,63.18,62,0,2.66
405,Marawi,PH,2022-01-26 20:46:29,7.9986,124.2928,65.64,92,29,2.35
406,Inhambane,MZ,2022-01-26 20:46:30,-23.865,35.3833,78.26,87,61,10.98
407,Port Hedland,AU,2022-01-26 20:46:30,-20.3167,118.5667,78.85,83,68,8.05
408,Biguacu,BR,2022-01-26 20:46:31,-27.4942,-48.6556,89.85,71,48,7.0
409,Mahajanga,MG,2022-01-26 20:46:31,-15.7167,46.3167,78.82,83,20,3.44
410,Altay,CN,2022-01-26 20:46:26,47.8667,88.1167,2.41,71,100,5.86
411,Yantai,CN,2022-01-26 20:47:31,37.5333,121.4,31.26,51,64,14.0
412,Lawton,US,2022-01-26 20:47:32,34.6087,-98.3903,40.53,31,100,3.44
413,Shimoda,JP,2022-01-26 20:47:32,34.6667,138.95,43.11,77,100,2.64
414,Saint-Leu,RE,2022-01-26 20:47:33,-21.15,55.2833,72.46,67,35,9.89
415,Maneadero,MX,2022-01-26 20:47:33,31.7167,-116.5667,70.2,73,80,4.0
416,Pacifica,US,2022-01-26 20:47:33,37.6138,-122.4869,64.42,67,0,10.0
417,Yerofey Pavlovich,RU,2022-01-26 20:47:34,53.9667,121.9667,-13.79,96,63,3.83
418,Salisbury,GB,2022-01-26 20:47:34,51.0693,-1.7957,46.29,82,100,6.91
419,Sarangani,PH,2022-01-26 20:47:35,5.4033,125.4636,81.45,78,96,16.46
420,Prince Rupert,CA,2022-01-26 20:45:48,54.3161,-130.3201,38.89,93,0,2.3
421,Benin,BJ,2022-01-26 20:47:35,9.5,2.25,77.5,16,0,4.23
422,Desbiens,CA,2022-01-26 20:47:35,48.4178,-71.9495,-7.96,94,46,4.63
423,Ferrol,ES,2022-01-26 20:47:36,43.4832,-8.2369,52.27,77,0,8.68
424,San Cristobal,VE,2022-01-26 20:47:36,7.7669,-72.225,78.98,60,100,0.94
425,Saint-Francois,FR,2022-01-26 20:47:36,46.4154,3.9054,27.68,100,100,3.44
426,Peniche,PT,2022-01-26 20:47:37,39.3558,-9.3811,57.07,66,66,10.4
427,San Policarpo,PH,2022-01-26 20:47:37,12.1791,125.5072,79.68,86,44,11.74
428,Eregli,TR,2022-01-26 20:47:38,37.5133,34.0467,18.61,96,100,2.84
429,Moerai,PF,2022-01-26 20:47:38,-22.4333,-151.3333,79.52,81,100,11.74
430,Odienne,CI,2022-01-26 20:47:38,9.51,-7.5692,77.61,17,0,2.21
431,Richards Bay,ZA,2022-01-26 20:47:39,-28.783,32.0377,74.23,90,96,7.25
432,Otjimbingwe,NA,2022-01-26 20:47:39,-22.35,16.1333,86.11,36,98,2.77
433,Benjamin Constant,BR,2022-01-26 20:47:39,-4.3831,-70.0311,86.13,74,20,5.75
434,Moose Factory,CA,2022-01-26 20:47:40,51.2585,-80.6094,3.2,66,0,21.85
435,Mayo,US,2022-01-26 20:47:40,38.8876,-76.5119,34.95,40,0,8.01
436,Vaitape,PF,2022-01-26 20:45:05,-16.5167,-151.75,80.69,77,79,16.91
437,Karratha,AU,2022-01-26 20:47:41,-20.7377,116.8463,79.79,68,7,10.89
438,Ambilobe,MG,2022-01-26 20:47:41,-13.2,49.05,73.33,95,100,2.37
439,Ljungby,SE,2022-01-26 20:47:41,56.8332,13.9408,40.37,84,100,13.09
440,Umea,SE,2022-01-26 20:47:42,63.8284,20.2597,12.13,92,0,0.0
441,Metro,ID,2022-01-26 20:47:42,-5.1131,105.3067,74.37,95,100,4.21
442,Sebring,US,2022-01-26 20:44:16,27.4956,-81.4409,65.53,92,100,4.0
443,Vestmanna,FO,2022-01-26 20:47:43,62.1564,-7.1664,34.72,87,100,28.77
444,Bud,US,2022-01-26 20:47:43,39.447,-86.1758,24.84,46,0,2.77
445,Sapa,PH,2022-01-26 20:47:43,5.1544,120.3241,79.29,85,75,2.3
446,Uren,RU,2022-01-26 20:47:44,57.4552,45.7852,3.79,99,96,2.93
447,Moron,AR,2022-01-26 20:47:44,-34.6534,-58.6198,75.06,82,100,15.99
448,Mushie,CD,2022-01-26 20:47:45,-3.0167,16.9,73.26,84,100,2.86
449,Sorland,NO,2022-01-26 20:47:45,67.667,12.6934,33.87,81,98,15.12
450,Melita,CA,2022-01-26 20:47:45,49.2681,-100.9967,33.96,88,100,17.96
451,Cayenne,GF,2022-01-26 20:47:46,4.9333,-52.3333,75.24,100,75,6.91
452,Iwanai,JP,2022-01-26 20:47:46,42.9744,140.5089,27.95,79,99,7.94
453,Show Low,US,2022-01-26 20:43:25,34.2542,-110.0298,44.08,48,0,6.91
454,Ukiah,US,2022-01-26 20:47:47,39.1502,-123.2078,64.98,37,0,0.0
455,Bowen,AU,2022-01-26 20:47:47,-20.0167,148.2333,75.42,81,100,13.87
456,Gigmoto,PH,2022-01-26 20:47:47,13.7796,124.39,77.67,91,97,8.75
457,Vila,PT,2022-01-26 20:48:48,42.0304,-8.1588,40.33,68,1,5.41
458,Vitim,RU,2022-01-26 20:48:48,59.4511,112.5578,-5.85,99,97,3.44
459,Los Llanos De Aridane,ES,2022-01-26 20:48:48,28.6585,-17.9182,58.75,73,40,5.01
460,Berlevag,NO,2022-01-26 20:48:49,70.8578,29.0864,26.6,74,0,25.32
461,Namibe,AO,2022-01-26 20:48:49,-15.1961,12.1522,76.21,82,100,1.59
462,Shelburne,CA,2022-01-26 20:44:23,44.0787,-80.2041,16.75,76,69,6.6
463,Chingirlau,KZ,2022-01-26 20:48:50,51.095,54.0814,10.17,98,100,4.52
464,Mayna,RU,2022-01-26 20:48:50,54.1135,47.6231,1.74,96,100,6.55
465,Gatesville,US,2022-01-26 20:48:50,31.4352,-97.7439,53.37,43,0,3.44
466,Aqtobe,KZ,2022-01-26 20:48:51,50.2797,57.2072,19.49,86,100,2.24
467,Sulangan,PH,2022-01-26 20:48:51,11.1373,123.7228,79.81,84,35,9.66
468,Nantucket,US,2022-01-26 20:48:51,41.2835,-70.0995,28.54,52,0,9.22
469,Lima,PE,2022-01-26 20:47:52,-12.0432,-77.0282,78.91,65,0,8.01
470,The Pas,CA,2022-01-26 20:48:52,53.8251,-101.2541,19.42,79,100,14.97
471,Evanston,US,2022-01-26 20:48:52,42.0411,-87.6901,13.1,49,0,3.0
472,Quatre Cocos,MU,2022-01-26 20:48:53,-20.2078,57.7625,71.71,70,25,9.04
473,Zaysan,KZ,2022-01-26 20:48:53,47.4667,84.8667,1.71,98,100,2.93
474,Lastoursville,GA,2022-01-26 20:48:53,-0.8143,12.7287,74.97,84,69,2.77
475,Aljezur,PT,2022-01-26 20:48:54,37.3191,-8.8033,53.78,68,92,8.25
476,Kangaatsiaq,GL,2022-01-26 20:48:54,68.3065,-53.4641,6.94,93,100,11.18
477,Kenai,US,2022-01-26 20:45:18,60.5544,-151.2583,10.45,92,100,0.0
478,Palu,ID,2022-01-26 20:48:55,-0.8917,119.8707,75.51,92,99,2.98
479,Maksatikha,RU,2022-01-26 20:48:55,57.797,35.8825,-3.69,100,100,3.49
480,Hornepayne,CA,2022-01-26 20:48:55,49.2138,-84.7705,12.78,80,100,20.02
481,Mao,ES,2022-01-26 20:48:56,39.8885,4.2658,43.36,93,0,2.3
482,Gavrilov-Yam,RU,2022-01-26 20:48:56,57.3018,39.8533,-3.82,100,100,2.89
483,Saint-Denis,FR,2022-01-26 20:48:56,48.9167,2.3333,38.08,90,100,3.0
484,Guerrero Negro,MX,2022-01-26 20:47:57,27.9769,-114.0611,70.12,32,100,5.06
485,Kununurra,AU,2022-01-26 20:48:57,-15.7667,128.7333,76.98,94,100,6.91
486,Andenes,NO,2022-01-26 20:48:57,69.3143,16.1194,30.18,86,75,10.36
487,Eskisehir,TR,2022-01-26 20:48:57,39.7767,30.5206,21.11,79,40,6.91
488,Yicheng,CN,2022-01-26 20:48:58,31.3705,119.8703,41.31,94,100,12.3
489,Crailsheim,DE,2022-01-26 20:48:58,49.1344,10.0719,30.47,94,100,6.93
490,Soyo,AO,2022-01-26 20:48:59,-6.1349,12.3689,78.51,83,97,3.89
491,Goderich,CA,2022-01-26 20:48:59,43.7501,-81.7165,19.9,62,100,11.5
492,Portland,US,2022-01-26 20:48:43,45.5234,-122.6762,49.6,63,3,1.99
493,Yar,RU,2022-01-26 20:49:00,58.249,52.1026,10.58,96,100,3.11
494,Bolivar,US,2022-01-26 20:49:00,37.6145,-93.4105,37.94,27,6,7.07
495,Camacha,PT,2022-01-26 20:49:00,33.0833,-16.3333,56.16,77,40,17.27
496,Takab,IR,2022-01-26 20:49:01,36.4009,47.1133,28.45,98,100,3.85
497,Darhan,MN,2022-01-26 20:49:01,49.4867,105.9228,-12.37,97,13,4.5
498,Mayumba,GA,2022-01-26 20:49:01,-3.432,10.6554,76.41,90,12,4.12
499,Calbuco,CL,2022-01-26 20:46:43,-41.768,-73.1273,70.81,71,0,11.59
500,Seminole,US,2022-01-26 20:49:02,28.7086,-81.2081,64.0,92,100,10.36
501,Honggang,CN,2022-01-26 20:49:02,46.4667,124.8667,-11.02,99,22,3.6
502,Nalut,LY,2022-01-26 20:49:02,30.3333,10.85,42.48,48,85,9.64
503,Vaijapur,IN,2022-01-26 20:49:03,19.9167,74.7333,58.17,40,0,7.67
504,Okhotsk,RU,2022-01-26 20:49:03,59.3833,143.3,-6.7,81,100,15.03
505,Dongying,CN,2022-01-26 20:49:04,37.4564,118.4856,27.54,66,75,3.94
506,San Francisco De Macoris,DO,2022-01-26 20:50:04,19.2952,-70.2554,86.68,47,0,11.77
507,San Andres,CO,2022-01-26 20:50:04,12.5847,-81.7006,86.02,70,40,9.22
508,Santa Cecilia,BR,2022-01-26 20:50:05,-26.9608,-50.4269,69.31,83,99,5.44
509,Brandon,US,2022-01-26 20:46:47,27.9378,-82.2859,62.85,94,100,1.99
510,Viedma,AR,2022-01-26 20:50:05,-40.8135,-62.9967,68.67,41,0,14.99
511,Aldan,RU,2022-01-26 20:50:06,58.6031,125.3894,-6.92,98,100,5.68
512,Kawalu,ID,2022-01-26 20:50:06,-7.3817,108.2082,73.42,95,100,1.57
513,Port-Gentil,GA,2022-01-26 20:50:06,-0.7193,8.7815,80.56,89,40,6.91
514,Taoudenni,ML,2022-01-26 20:50:07,22.6783,-3.9836,71.33,15,45,9.86
515,Rocha,UY,2022-01-26 20:50:07,-34.4833,-54.3333,71.31,96,100,4.25
516,Trollhattan,SE,2022-01-26 20:50:08,58.2333,12.4167,43.39,70,100,12.66
517,Labuhan,ID,2022-01-26 20:50:08,-6.8844,112.2051,77.49,89,99,8.97
518,Pascagoula,US,2022-01-26 20:47:58,30.3658,-88.5561,58.05,40,32,12.21
519,Lahij,YE,2022-01-26 20:50:08,13.1667,44.5833,70.23,71,91,5.12
520,Bulungu,CD,2022-01-26 20:50:09,-4.55,18.6,69.91,94,100,1.43
521,Juneau,US,2022-01-26 20:50:09,58.3019,-134.4197,37.85,97,100,0.0
522,Douentza,ML,2022-01-26 20:50:10,14.9951,-2.9517,71.51,11,100,5.46
523,Leningradskiy,RU,2022-01-26 20:50:10,69.3833,178.4167,-27.11,88,31,3.53
524,Shenjiamen,CN,2022-01-26 20:50:10,29.9576,122.298,49.01,89,100,20.13
525,Salalah,OM,2022-01-26 20:50:11,17.0151,54.0924,67.06,61,0,3.56
526,Igarka,RU,2022-01-26 20:50:11,67.4667,86.5833,-6.41,95,100,23.04
527,Kamenka,RU,2022-01-26 20:50:11,51.3223,42.7678,4.08,100,98,5.3
528,Bridlington,GB,2022-01-26 20:50:12,54.0831,-0.1919,46.29,81,75,22.3
529,Paamiut,GL,2022-01-26 20:50:12,61.994,-49.6678,12.88,80,100,15.41
530,Longyearbyen,SJ,2022-01-26 20:50:12,78.2186,15.6401,10.24,61,40,8.05
531,Luwuk,ID,2022-01-26 20:50:13,-0.9516,122.7875,77.74,87,100,2.53
532,Westport,US,2022-01-26 20:50:13,41.1415,-73.3579,28.81,35,0,4.0
533,Matiguas,NI,2022-01-26 20:50:14,12.8373,-85.4622,83.14,46,75,9.82
534,Cotorra,CO,2022-01-26 20:50:14,9.0389,-75.7897,93.25,70,100,8.88
535,Piacabucu,BR,2022-01-26 20:50:14,-10.4056,-36.4344,80.89,73,84,9.91
536,Ormara,PK,2022-01-26 20:50:15,25.2088,64.6357,67.66,41,0,2.28
537,Thinadhoo,MV,2022-01-26 20:50:15,0.5333,72.9333,81.14,72,100,19.15
538,Gilbues,BR,2022-01-26 20:50:16,-9.8317,-45.3439,78.66,74,76,6.4
539,Morehead,US,2022-01-26 20:50:16,37.2711,-87.1764,30.83,33,0,3.0
540,Dedovichi,RU,2022-01-26 20:50:16,57.5517,29.9502,16.61,94,100,8.14
541,Pag,HR,2022-01-26 20:50:17,44.445,15.0575,28.98,69,4,4.72
542,Mandera,KE,2022-01-26 20:50:17,3.9366,41.867,80.31,23,31,8.28
543,Pimenta Bueno,BR,2022-01-26 20:50:17,-11.6725,-61.1936,78.24,94,100,4.59
544,Binga,ZW,2022-01-26 20:50:18,-17.6203,27.3414,70.36,95,100,7.34
545,Mujiayingzi,CN,2022-01-26 20:50:18,42.1167,118.7833,9.37,59,3,4.85
546,Ligayan,PH,2022-01-26 20:50:18,4.6533,119.4706,80.6,81,85,4.85
547,Neustadt,DE,2022-01-26 20:50:19,49.7117,12.0872,31.15,88,100,1.99
548,Kalmunai,LK,2022-01-26 20:50:19,7.4167,81.8167,73.2,74,78,4.41
549,Mayahi,NE,2022-01-26 20:50:19,13.9553,7.6712,64.67,15,0,16.6
550,Nishihara,JP,2022-01-26 20:50:20,26.1842,127.7558,66.25,79,40,9.22
551,Praia Da Vitoria,PT,2022-01-26 20:50:20,38.7333,-27.0667,59.25,82,75,10.29
552,Lapeer,US,2022-01-26 20:46:55,43.0514,-83.3188,20.17,48,0,8.05
553,Arinos,BR,2022-01-26 20:51:14,-15.9169,-46.1056,76.8,80,100,2.1
554,Sukhobuzimskoye,RU,2022-01-26 20:51:21,56.5,93.2728,8.24,98,100,1.59
555,Oberentfelden,CH,2022-01-26 20:51:21,47.3564,8.0459,31.93,95,26,1.03
